,date,CPI
0,2022-07-01,296.276
1,2022-06-01,296.311
2,2022-05-01,292.296
3,2022-04-01,289.109
4,2022-03-01,287.504
5,2022-02-01,283.716
6,2022-01-01,281.148
7,2021-12-01,278.802
8,2021-11-01,277.948
9,2021-10-01,276.589
10,2021-09-01,274.310
11,2021-08-01,273.567
12,2021-07-01,273.003
13,2021-06-01,271.696
14,2021-05-01,269.195
15,2021-04-01,267.054
16,2021-03-01,264.877
17,2021-02-01,263.014
18,2021-01-01,261.582
19,2020-12-01,260.474
20,2020-11-01,260.229
21,2020-10-01,260.388
22,2020-09-01,260.280
23,2020-08-01,259.918
24,2020-07-01,259.101
25,2020-06-01,257.797
26,2020-05-01,256.394
27,2020-04-01,256.389
28,2020-03-01,258.115
29,2020-02-01,258.678
30,2020-01-01,257.971
31,2019-12-01,256.974
32,2019-11-01,257.208
33,2019-10-01,257.346
34,2019-09-01,256.759
35,2019-08-01,256.558
36,2019-07-01,256.571
37,2019-06-01,256.143
38,2019-05-01,256.092
39,2019-04-01,255.548
40,2019-03-01,254.202
41,2019-02-01,252.776
42,2019-01-01,251.712
43,2018-12-01,251.233
44,2018-11-01,252.038
45,2018-10-01,252.885
46,2018-09-01,252.439
47,2018-08-01,252.146
48,2018-07-01,252.006
49,2018-06-01,251.989
50,2018-05-01,251.588
51,2018-04-01,250.546
52,2018-03-01,249.554
53,2018-02-01,248.991
54,2018-01-01,247.867
55,2017-12-01,246.524
56,2017-11-01,246.669
57,2017-10-01,246.663
58,2017-09-01,246.819
59,2017-08-01,245.519
60,2017-07-01,244.786
61,2017-06-01,244.955
62,2017-05-01,244.733
63,2017-04-01,244.524
64,2017-03-01,243.801
65,2017-02-01,243.603
66,2017-01-01,242.839
67,2016-12-01,241.432
68,2016-11-01,241.353
69,2016-10-01,241.729
70,2016-09-01,241.428
71,2016-08-01,240.849
72,2016-07-01,240.628
73,2016-06-01,241.018
74,2016-05-01,240.229
75,2016-04-01,239.261
76,2016-03-01,238.132
77,2016-02-01,237.111
78,2016-01-01,236.916
79,2015-12-01,236.525
80,2015-11-01,237.336
81,2015-10-01,237.838
82,2015-09-01,237.945
83,2015-08-01,238.316
84,2015-07-01,238.654
85,2015-06-01,238.638
86,2015-05-01,237.805
87,2015-04-01,236.599
88,2015-03-01,236.119
89,2015-02-01,234.722
90,2015-01-01,233.707
91,2014-12-01,234.812
92,2014-11-01,236.151
93,2014-10-01,237.433
94,2014-09-01,238.031
95,2014-08-01,237.852
96,2014-07-01,238.250
97,2014-06-01,238.343
98,2014-05-01,237.900
99,2014-04-01,237.072
100,2014-03-01,236.293
101,2014-02-01,234.781
102,2014-01-01,233.916
103,2013-12-01,233.049
104,2013-11-01,233.069
105,2013-10-01,233.546
106,2013-09-01,234.149
107,2013-08-01,233.877
108,2013-07-01,233.596
109,2013-06-01,233.504
110,2013-05-01,232.945
111,2013-04-01,232.531
112,2013-03-01,232.773
113,2013-02-01,232.166
114,2013-01-01,230.280
115,2012-12-01,229.601
116,2012-11-01,230.221
117,2012-10-01,231.317
118,2012-09-01,231.407
119,2012-08-01,230.379
120,2012-07-01,229.104
121,2012-06-01,229.478
122,2012-05-01,229.815
123,2012-04-01,230.085
124,2012-03-01,229.392
125,2012-02-01,227.663
126,2012-01-01,226.665
127,2011-12-01,225.672
128,2011-11-01,226.230
129,2011-10-01,226.421
130,2011-09-01,226.889
131,2011-08-01,226.545
132,2011-07-01,225.922
133,2011-06-01,225.722
134,2011-05-01,225.964
135,2011-04-01,224.906
136,2011-03-01,223.467
137,2011-02-01,221.309
138,2011-01-01,220.223
139,2010-12-01,219.179
140,2010-11-01,218.803
141,2010-10-01,218.711
142,2010-09-01,218.439
143,2010-08-01,218.312
144,2010-07-01,218.011
145,2010-06-01,217.965
146,2010-05-01,218.178
147,2010-04-01,218.009
148,2010-03-01,217.631
149,2010-02-01,216.741
150,2010-01-01,216.687
151,2009-12-01,215.949
152,2009-11-01,216.330
153,2009-10-01,216.177
154,2009-09-01,215.969
155,2009-08-01,215.834
156,2009-07-01,215.351
157,2009-06-01,215.693
158,2009-05-01,213.856
159,2009-04-01,213.240
160,2009-03-01,212.709
161,2009-02-01,212.193
162,2009-01-01,211.143
163,2008-12-01,210.228
164,2008-11-01,212.425
165,2008-10-01,216.573
166,2008-09-01,218.783
167,2008-08-01,219.086
168,2008-07-01,219.964
169,2008-06-01,218.815
170,2008-05-01,216.632
171,2008-04-01,214.823
172,2008-03-01,213.528
173,2008-02-01,211.693
174,2008-01-01,211.080
175,2007-12-01,210.036
176,2007-11-01,210.177
177,2007-10-01,208.936
178,2007-09-01,208.490
179,2007-08-01,207.917
180,2007-07-01,208.299
181,2007-06-01,208.352
182,2007-05-01,207.949
183,2007-04-01,206.686
184,2007-03-01,205.352
185,2007-02-01,203.499
186,2007-01-01,202.416
187,2006-12-01,201.8
188,2006-11-01,201.5
189,2006-10-01,201.8
190,2006-09-01,202.9
191,2006-08-01,203.9
192,2006-07-01,203.5
193,2006-06-01,202.9
194,2006-05-01,202.5
195,2006-04-01,201.5
196,2006-03-01,199.8
197,2006-02-01,198.7
198,2006-01-01,198.3
199,2005-12-01,196.8
200,2005-11-01,197.6
201,2005-10-01,199.2
202,2005-09-01,198.8
203,2005-08-01,196.4
204,2005-07-01,195.4
205,2005-06-01,194.5
206,2005-05-01,194.4
207,2005-04-01,194.6
208,2005-03-01,193.3
209,2005-02-01,191.8
210,2005-01-01,190.7
211,2004-12-01,190.3
212,2004-11-01,191.0
213,2004-10-01,190.9
214,2004-09-01,189.9
215,2004-08-01,189.5
216,2004-07-01,189.4
217,2004-06-01,189.7
218,2004-05-01,189.1
219,2004-04-01,188.0
220,2004-03-01,187.4
221,2004-02-01,186.2
222,2004-01-01,185.2
223,2003-12-01,184.3
224,2003-11-01,184.5
225,2003-10-01,185.0
226,2003-09-01,185.2
227,2003-08-01,184.6
228,2003-07-01,183.9
229,2003-06-01,183.7
230,2003-05-01,183.5
231,2003-04-01,183.8
232,2003-03-01,184.2
233,2003-02-01,183.1
234,2003-01-01,181.7
235,2002-12-01,180.9
236,2002-11-01,181.3
237,2002-10-01,181.3
238,2002-09-01,181.0
239,2002-08-01,180.7
240,2002-07-01,180.1
241,2002-06-01,179.9
242,2002-05-01,179.8
243,2002-04-01,179.8
244,2002-03-01,178.8
245,2002-02-01,177.8
246,2002-01-01,177.1
247,2001-12-01,176.7
248,2001-11-01,177.4
249,2001-10-01,177.7
250,2001-09-01,178.3
251,2001-08-01,177.5
252,2001-07-01,177.5
253,2001-06-01,178.0
254,2001-05-01,177.7
255,2001-04-01,176.9
256,2001-03-01,176.2
257,2001-02-01,175.8
258,2001-01-01,175.1
259,2000-12-01,174.0
260,2000-11-01,174.1
261,2000-10-01,174.0
262,2000-09-01,173.7
263,2000-08-01,172.8
264,2000-07-01,172.8
265,2000-06-01,172.4
266,2000-05-01,171.5
267,2000-04-01,171.3
268,2000-03-01,171.2
269,2000-02-01,169.8
270,2000-01-01,168.8
271,1999-12-01,168.3
272,1999-11-01,168.3
273,1999-10-01,168.2
274,1999-09-01,167.9
275,1999-08-01,167.1
276,1999-07-01,166.7
277,1999-06-01,166.2
278,1999-05-01,166.2
279,1999-04-01,166.2
280,1999-03-01,165.0
281,1999-02-01,164.5
282,1999-01-01,164.3
283,1998-12-01,163.9
284,1998-11-01,164.0
285,1998-10-01,164.0
286,1998-09-01,163.6
287,1998-08-01,163.4
288,1998-07-01,163.2
289,1998-06-01,163.0
290,1998-05-01,162.8
291,1998-04-01,162.5
292,1998-03-01,162.2
293,1998-02-01,161.9
294,1998-01-01,161.6
295,1997-12-01,161.3
296,1997-11-01,161.5
297,1997-10-01,161.6
298,1997-09-01,161.2
299,1997-08-01,160.8
300,1997-07-01,160.5
301,1997-06-01,160.3
302,1997-05-01,160.1
303,1997-04-01,160.2
304,1997-03-01,160.0
305,1997-02-01,159.6
306,1997-01-01,159.1
307,1996-12-01,158.6
308,1996-11-01,158.6
309,1996-10-01,158.3
310,1996-09-01,157.8
311,1996-08-01,157.3
312,1996-07-01,157.0
313,1996-06-01,156.7
314,1996-05-01,156.6
315,1996-04-01,156.3
316,1996-03-01,155.7
317,1996-02-01,154.9
318,1996-01-01,154.4
319,1995-12-01,153.5
320,1995-11-01,153.6
321,1995-10-01,153.7
322,1995-09-01,153.2
323,1995-08-01,152.9
324,1995-07-01,152.5
325,1995-06-01,152.5
326,1995-05-01,152.2
327,1995-04-01,151.9
328,1995-03-01,151.4
329,1995-02-01,150.9
330,1995-01-01,150.3
331,1994-12-01,149.7
332,1994-11-01,149.7
333,1994-10-01,149.5
334,1994-09-01,149.4
335,1994-08-01,149.0
336,1994-07-01,148.4
337,1994-06-01,148.0
338,1994-05-01,147.5
339,1994-04-01,147.4
340,1994-03-01,147.2
341,1994-02-01,146.7
342,1994-01-01,146.2
343,1993-12-01,145.8
344,1993-11-01,145.8
345,1993-10-01,145.7
346,1993-09-01,145.1
347,1993-08-01,144.8
348,1993-07-01,144.4
349,1993-06-01,144.4
350,1993-05-01,144.2
351,1993-04-01,144.0
352,1993-03-01,143.6
353,1993-02-01,143.1
354,1993-01-01,142.6
355,1992-12-01,141.9
356,1992-11-01,142.0
357,1992-10-01,141.8
358,1992-09-01,141.3
359,1992-08-01,140.9
360,1992-07-01,140.5
361,1992-06-01,140.2
362,1992-05-01,139.7
363,1992-04-01,139.5
364,1992-03-01,139.3
365,1992-02-01,138.6
366,1992-01-01,138.1
367,1991-12-01,137.9
368,1991-11-01,137.8
369,1991-10-01,137.4
370,1991-09-01,137.2
371,1991-08-01,136.6
372,1991-07-01,136.2
373,1991-06-01,136.0
374,1991-05-01,135.6
375,1991-04-01,135.2
376,1991-03-01,135.0
377,1991-02-01,134.8
378,1991-01-01,134.6
379,1990-12-01,133.8
380,1990-11-01,133.8
381,1990-10-01,133.5
382,1990-09-01,132.7
383,1990-08-01,131.6
384,1990-07-01,130.4
385,1990-06-01,129.9
386,1990-05-01,129.2
387,1990-04-01,128.9
388,1990-03-01,128.7
389,1990-02-01,128.0
390,1990-01-01,127.4
391,1989-12-01,126.1
392,1989-11-01,125.9
393,1989-10-01,125.6
394,1989-09-01,125.0
395,1989-08-01,124.6
396,1989-07-01,124.4
397,1989-06-01,124.1
398,1989-05-01,123.8
399,1989-04-01,123.1
400,1989-03-01,122.3
401,1989-02-01,121.6
402,1989-01-01,121.1
403,1988-12-01,120.5
404,1988-11-01,120.3
405,1988-10-01,120.2
406,1988-09-01,119.8
407,1988-08-01,119.0
408,1988-07-01,118.5
409,1988-06-01,118.0
410,1988-05-01,117.5
411,1988-04-01,117.1
412,1988-03-01,116.5
413,1988-02-01,116.0
414,1988-01-01,115.7
415,1987-12-01,115.4
416,1987-11-01,115.4
417,1987-10-01,115.3
418,1987-09-01,115.0
419,1987-08-01,114.4
420,1987-07-01,113.8
421,1987-06-01,113.5
422,1987-05-01,113.1
423,1987-04-01,112.7
424,1987-03-01,112.1
425,1987-02-01,111.6
426,1987-01-01,111.2
427,1986-12-01,110.5
428,1986-11-01,110.4
429,1986-10-01,110.3
430,1986-09-01,110.2
431,1986-08-01,109.7
432,1986-07-01,109.5
433,1986-06-01,109.5
434,1986-05-01,108.9
435,1986-04-01,108.6
436,1986-03-01,108.8
437,1986-02-01,109.3
438,1986-01-01,109.6
439,1985-12-01,109.3
440,1985-11-01,109.0
441,1985-10-01,108.7
442,1985-09-01,108.3
443,1985-08-01,108.0
444,1985-07-01,107.8
445,1985-06-01,107.6
446,1985-05-01,107.3
447,1985-04-01,106.9
448,1985-03-01,106.4
449,1985-02-01,106.0
450,1985-01-01,105.5
451,1984-12-01,105.3
452,1984-11-01,105.3
453,1984-10-01,105.3
454,1984-09-01,105.0
455,1984-08-01,104.5
456,1984-07-01,104.1
457,1984-06-01,103.7
458,1984-05-01,103.4
459,1984-04-01,103.1
460,1984-03-01,102.6
461,1984-02-01,102.4
462,1984-01-01,101.9
463,1983-12-01,101.3
464,1983-11-01,101.2
465,1983-10-01,101.0
466,1983-09-01,100.7
467,1983-08-01,100.2
468,1983-07-01,99.9
469,1983-06-01,99.5
470,1983-05-01,99.2
471,1983-04-01,98.6
472,1983-03-01,97.9
473,1983-02-01,97.9
474,1983-01-01,97.8
475,1982-12-01,97.6
476,1982-11-01,98.0
477,1982-10-01,98.2
478,1982-09-01,97.9
479,1982-08-01,97.7
480,1982-07-01,97.5
481,1982-06-01,97.0
482,1982-05-01,95.8
483,1982-04-01,94.9
484,1982-03-01,94.5
485,1982-02-01,94.6
486,1982-01-01,94.3
487,1981-12-01,94.0
488,1981-11-01,93.7
489,1981-10-01,93.4
490,1981-09-01,93.2
491,1981-08-01,92.3
492,1981-07-01,91.6
493,1981-06-01,90.6
494,1981-05-01,89.8
495,1981-04-01,89.1
496,1981-03-01,88.5
497,1981-02-01,87.9
498,1981-01-01,87.0
499,1980-12-01,86.3
500,1980-11-01,85.5
501,1980-10-01,84.8
502,1980-09-01,84.0
503,1980-08-01,83.3
504,1980-07-01,82.7
505,1980-06-01,82.7
506,1980-05-01,81.8
507,1980-04-01,81.0
508,1980-03-01,80.1
509,1980-02-01,78.9
510,1980-01-01,77.8
511,1979-12-01,76.7
512,1979-11-01,75.9
513,1979-10-01,75.2
514,1979-09-01,74.6
515,1979-08-01,73.8
516,1979-07-01,73.1
517,1979-06-01,72.3
518,1979-05-01,71.5
519,1979-04-01,70.6
520,1979-03-01,69.8
521,1979-02-01,69.1
522,1979-01-01,68.3
523,1978-12-01,67.7
524,1978-11-01,67.4
525,1978-10-01,67.1
526,1978-09-01,66.5
527,1978-08-01,66.0
528,1978-07-01,65.7
529,1978-06-01,65.2
530,1978-05-01,64.5
531,1978-04-01,63.9
532,1978-03-01,63.4
533,1978-02-01,62.9
534,1978-01-01,62.5
535,1977-12-01,62.1
536,1977-11-01,61.9
537,1977-10-01,61.6
538,1977-09-01,61.4
539,1977-08-01,61.2
540,1977-07-01,61.0
541,1977-06-01,60.7
542,1977-05-01,60.3
543,1977-04-01,60.0
544,1977-03-01,59.5
545,1977-02-01,59.1
546,1977-01-01,58.5
547,1976-12-01,58.2
548,1976-11-01,58.0
549,1976-10-01,57.9
550,1976-09-01,57.6
551,1976-08-01,57.4
552,1976-07-01,57.1
553,1976-06-01,56.8
554,1976-05-01,56.5
555,1976-04-01,56.1
556,1976-03-01,55.9
557,1976-02-01,55.8
558,1976-01-01,55.6
559,1975-12-01,55.5
560,1975-11-01,55.3
561,1975-10-01,54.9
562,1975-09-01,54.6
563,1975-08-01,54.3
564,1975-07-01,54.2
565,1975-06-01,53.6
566,1975-05-01,53.2
567,1975-04-01,52.9
568,1975-03-01,52.7
569,1975-02-01,52.5
570,1975-01-01,52.1
571,1974-12-01,51.9
572,1974-11-01,51.5
573,1974-10-01,51.1
574,1974-09-01,50.6
575,1974-08-01,50.0
576,1974-07-01,49.4
577,1974-06-01,49.0
578,1974-05-01,48.6
579,1974-04-01,48.0
580,1974-03-01,47.8
581,1974-02-01,47.2
582,1974-01-01,46.6
583,1973-12-01,46.2
584,1973-11-01,45.9
585,1973-10-01,45.6
586,1973-09-01,45.2
587,1973-08-01,45.1
588,1973-07-01,44.3
589,1973-06-01,44.2
590,1973-05-01,43.9
591,1973-04-01,43.6
592,1973-03-01,43.3
593,1973-02-01,42.9
594,1973-01-01,42.6
595,1972-12-01,42.5
596,1972-11-01,42.4
597,1972-10-01,42.3
598,1972-09-01,42.1
599,1972-08-01,42.0
600,1972-07-01,41.9
601,1972-06-01,41.7
602,1972-05-01,41.6
603,1972-04-01,41.5
604,1972-03-01,41.4
605,1972-02-01,41.3
606,1972-01-01,41.1
607,1971-12-01,41.1
608,1971-11-01,40.9
609,1971-10-01,40.9
610,1971-09-01,40.8
611,1971-08-01,40.8
612,1971-07-01,40.7
613,1971-06-01,40.6
614,1971-05-01,40.3
615,1971-04-01,40.1
616,1971-03-01,40.0
617,1971-02-01,39.9
618,1971-01-01,39.8
619,1970-12-01,39.8
620,1970-11-01,39.6
621,1970-10-01,39.4
622,1970-09-01,39.2
623,1970-08-01,39.0
624,1970-07-01,39.0
625,1970-06-01,38.8
626,1970-05-01,38.6
627,1970-04-01,38.5
628,1970-03-01,38.2
629,1970-02-01,38.0
630,1970-01-01,37.8
631,1969-12-01,37.7
632,1969-11-01,37.5
633,1969-10-01,37.3
634,1969-09-01,37.1
635,1969-08-01,37.0
636,1969-07-01,36.8
637,1969-06-01,36.6
638,1969-05-01,36.4
639,1969-04-01,36.3
640,1969-03-01,36.1
641,1969-02-01,35.8
642,1969-01-01,35.6
643,1968-12-01,35.5
644,1968-11-01,35.4
645,1968-10-01,35.3
646,1968-09-01,35.1
647,1968-08-01,35.0
648,1968-07-01,34.9
649,1968-06-01,34.7
650,1968-05-01,34.5
651,1968-04-01,34.4
652,1968-03-01,34.3
653,1968-02-01,34.2
654,1968-01-01,34.1
655,1967-12-01,33.9
656,1967-11-01,33.8
657,1967-10-01,33.7
658,1967-09-01,33.6
659,1967-08-01,33.5
660,1967-07-01,33.4
661,1967-06-01,33.3
662,1967-05-01,33.2
663,1967-04-01,33.1
664,1967-03-01,33.0
665,1967-02-01,32.9
666,1967-01-01,32.9
667,1966-12-01,32.9
668,1966-11-01,32.9
669,1966-10-01,32.9
670,1966-09-01,32.7
671,1966-08-01,32.7
672,1966-07-01,32.5
673,1966-06-01,32.4
674,1966-05-01,32.3
675,1966-04-01,32.3
676,1966-03-01,32.1
677,1966-02-01,32.0
678,1966-01-01,31.8
679,1965-12-01,31.8
680,1965-11-01,31.7
681,1965-10-01,31.7
682,1965-09-01,31.6
683,1965-08-01,31.6
684,1965-07-01,31.6
685,1965-06-01,31.6
686,1965-05-01,31.4
687,1965-04-01,31.4
688,1965-03-01,31.3
689,1965-02-01,31.2
690,1965-01-01,31.2
691,1964-12-01,31.2
692,1964-11-01,31.2
693,1964-10-01,31.1
694,1964-09-01,31.1
695,1964-08-01,31.0
696,1964-07-01,31.1
697,1964-06-01,31.0
698,1964-05-01,30.9
699,1964-04-01,30.9
700,1964-03-01,30.9
701,1964-02-01,30.9
702,1964-01-01,30.9
703,1963-12-01,30.9
704,1963-11-01,30.8
705,1963-10-01,30.8
706,1963-09-01,30.7
707,1963-08-01,30.7
708,1963-07-01,30.7
709,1963-06-01,30.6
710,1963-05-01,30.5
711,1963-04-01,30.5
712,1963-03-01,30.5
713,1963-02-01,30.4
714,1963-01-01,30.4
715,1962-12-01,30.4
716,1962-11-01,30.4
717,1962-10-01,30.4
718,1962-09-01,30.4
719,1962-08-01,30.3
720,1962-07-01,30.3
721,1962-06-01,30.2
722,1962-05-01,30.2
723,1962-04-01,30.2
724,1962-03-01,30.1
725,1962-02-01,30.1
726,1962-01-01,30.0
727,1961-12-01,30.0
728,1961-11-01,30.0
729,1961-10-01,30.0
730,1961-09-01,30.0
731,1961-08-01,29.9
732,1961-07-01,30.0
733,1961-06-01,29.8
734,1961-05-01,29.8
735,1961-04-01,29.8
736,1961-03-01,29.8
737,1961-02-01,29.8
738,1961-01-01,29.8
739,1960-12-01,29.8
740,1960-11-01,29.8
741,1960-10-01,29.8
742,1960-09-01,29.6
743,1960-08-01,29.6
744,1960-07-01,29.6
745,1960-06-01,29.6
746,1960-05-01,29.5
747,1960-04-01,29.5
748,1960-03-01,29.4
749,1960-02-01,29.4
750,1960-01-01,29.3
751,1959-12-01,29.4
752,1959-11-01,29.4
753,1959-10-01,29.4
754,1959-09-01,29.3
755,1959-08-01,29.2
756,1959-07-01,29.2
757,1959-06-01,29.1
758,1959-05-01,29.0
759,1959-04-01,29.0
760,1959-03-01,28.9
761,1959-02-01,28.9
762,1959-01-01,29.0
763,1958-12-01,28.9
764,1958-11-01,29.0
765,1958-10-01,28.9
766,1958-09-01,28.9
767,1958-08-01,28.9
768,1958-07-01,29.0
769,1958-06-01,28.9
770,1958-05-01,28.9
771,1958-04-01,28.9
772,1958-03-01,28.8
773,1958-02-01,28.6
774,1958-01-01,28.6
775,1957-12-01,28.4
776,1957-11-01,28.4
777,1957-10-01,28.3
778,1957-09-01,28.3
779,1957-08-01,28.3
780,1957-07-01,28.3
781,1957-06-01,28.1
782,1957-05-01,28.0
783,1957-04-01,27.9
784,1957-03-01,27.8
785,1957-02-01,27.7
786,1957-01-01,27.6
787,1956-12-01,27.6
788,1956-11-01,27.5
789,1956-10-01,27.5
790,1956-09-01,27.4
791,1956-08-01,27.3
792,1956-07-01,27.4
793,1956-06-01,27.2
794,1956-05-01,27.0
795,1956-04-01,26.9
796,1956-03-01,26.8
797,1956-02-01,26.8
798,1956-01-01,26.8
799,1955-12-01,26.8
800,1955-11-01,26.9
801,1955-10-01,26.9
802,1955-09-01,26.9
803,1955-08-01,26.8
804,1955-07-01,26.8
805,1955-06-01,26.7
806,1955-05-01,26.7
807,1955-04-01,26.7
808,1955-03-01,26.7
809,1955-02-01,26.7
810,1955-01-01,26.7
811,1954-12-01,26.7
812,1954-11-01,26.8
813,1954-10-01,26.8
814,1954-09-01,26.8
815,1954-08-01,26.9
816,1954-07-01,26.9
817,1954-06-01,26.9
818,1954-05-01,26.9
819,1954-04-01,26.8
820,1954-03-01,26.9
821,1954-02-01,26.9
822,1954-01-01,26.9
823,1953-12-01,26.9
824,1953-11-01,26.9
825,1953-10-01,27.0
826,1953-09-01,26.9
827,1953-08-01,26.9
828,1953-07-01,26.8
829,1953-06-01,26.8
830,1953-05-01,26.7
831,1953-04-01,26.6
832,1953-03-01,26.6
833,1953-02-01,26.5
834,1953-01-01,26.6
835,1952-12-01,26.7
836,1952-11-01,26.7
837,1952-10-01,26.7
838,1952-09-01,26.7
839,1952-08-01,26.7
840,1952-07-01,26.7
841,1952-06-01,26.5
842,1952-05-01,26.4
843,1952-04-01,26.4
844,1952-03-01,26.3
845,1952-02-01,26.3
846,1952-01-01,26.5
847,1951-12-01,26.5
848,1951-11-01,26.4
849,1951-10-01,26.2
850,1951-09-01,26.1
851,1951-08-01,25.9
852,1951-07-01,25.9
853,1951-06-01,25.9
854,1951-05-01,25.9
855,1951-04-01,25.8
856,1951-03-01,25.8
857,1951-02-01,25.7
858,1951-01-01,25.4
859,1950-12-01,25.0
860,1950-11-01,24.7
861,1950-10-01,24.6
862,1950-09-01,24.4
863,1950-08-01,24.3
864,1950-07-01,24.1
865,1950-06-01,23.8
866,1950-05-01,23.7
867,1950-04-01,23.6
868,1950-03-01,23.6
869,1950-02-01,23.5
870,1950-01-01,23.5
871,1949-12-01,23.6
872,1949-11-01,23.8
873,1949-10-01,23.7
874,1949-09-01,23.9
875,1949-08-01,23.8
876,1949-07-01,23.7
877,1949-06-01,23.9
878,1949-05-01,23.8
879,1949-04-01,23.9
880,1949-03-01,23.8
881,1949-02-01,23.8
882,1949-01-01,24.0
883,1948-12-01,24.1
884,1948-11-01,24.2
885,1948-10-01,24.4
886,1948-09-01,24.5
887,1948-08-01,24.5
888,1948-07-01,24.4
889,1948-06-01,24.1
890,1948-05-01,23.9
891,1948-04-01,23.8
892,1948-03-01,23.4
893,1948-02-01,23.5
894,1948-01-01,23.7
895,1947-12-01,23.4
896,1947-11-01,23.1
897,1947-10-01,23.0
898,1947-09-01,23.0
899,1947-08-01,22.5
900,1947-07-01,22.2
901,1947-06-01,22.0
902,1947-05-01,21.9
903,1947-04-01,21.9
904,1947-03-01,21.9
905,1947-02-01,21.5
906,1947-01-01,21.5
907,1946-12-01,21.5
908,1946-11-01,21.3
909,1946-10-01,20.8
910,1946-09-01,20.4
911,1946-08-01,20.2
912,1946-07-01,19.8
913,1946-06-01,18.7
914,1946-05-01,18.5
915,1946-04-01,18.4
916,1946-03-01,18.3
917,1946-02-01,18.1
918,1946-01-01,18.2
919,1945-12-01,18.2
920,1945-11-01,18.1
921,1945-10-01,18.1
922,1945-09-01,18.1
923,1945-08-01,18.1
924,1945-07-01,18.1
925,1945-06-01,18.1
926,1945-05-01,17.9
927,1945-04-01,17.8
928,1945-03-01,17.8
929,1945-02-01,17.8
930,1945-01-01,17.8
931,1944-12-01,17.8
932,1944-11-01,17.7
933,1944-10-01,17.7
934,1944-09-01,17.7
935,1944-08-01,17.7
936,1944-07-01,17.7
937,1944-06-01,17.6
938,1944-05-01,17.5
939,1944-04-01,17.5
940,1944-03-01,17.4
941,1944-02-01,17.4
942,1944-01-01,17.4
943,1943-12-01,17.4
944,1943-11-01,17.4
945,1943-10-01,17.4
946,1943-09-01,17.4
947,1943-08-01,17.3
948,1943-07-01,17.4
949,1943-06-01,17.5
950,1943-05-01,17.5
951,1943-04-01,17.4
952,1943-03-01,17.2
953,1943-02-01,16.9
954,1943-01-01,16.9
955,1942-12-01,16.9
956,1942-11-01,16.8
957,1942-10-01,16.7
958,1942-09-01,16.5
959,1942-08-01,16.5
960,1942-07-01,16.4
961,1942-06-01,16.3
962,1942-05-01,16.3
963,1942-04-01,16.1
964,1942-03-01,16
965,1942-02-01,15.8
966,1942-01-01,15.7
967,1941-12-01,15.5
968,1941-11-01,15.4
969,1941-10-01,15.3
970,1941-09-01,15.1
971,1941-08-01,14.9
972,1941-07-01,14.7
973,1941-06-01,14.7
974,1941-05-01,14.4
975,1941-04-01,14.3
976,1941-03-01,14.2
977,1941-02-01,14.1
978,1941-01-01,14.1
979,1940-12-01,14.1
980,1940-11-01,14
981,1940-10-01,14
982,1940-09-01,14
983,1940-08-01,14
984,1940-07-01,14
985,1940-06-01,14.1
986,1940-05-01,14
987,1940-04-01,14
988,1940-03-01,14
989,1940-02-01,14
990,1940-01-01,13.9
991,1939-12-01,14
992,1939-11-01,14
993,1939-10-01,14
994,1939-09-01,14.1
995,1939-08-01,13.8
996,1939-07-01,13.8
997,1939-06-01,13.8
998,1939-05-01,13.8
999,1939-04-01,13.8
1000,1939-03-01,13.9
1001,1939-02-01,13.9
1002,1939-01-01,14
1003,1938-12-01,14
1004,1938-11-01,14
1005,1938-10-01,14
1006,1938-09-01,14.1
1007,1938-08-01,14.1
1008,1938-07-01,14.1
1009,1938-06-01,14.1
1010,1938-05-01,14.1
1011,1938-04-01,14.2
1012,1938-03-01,14.1
1013,1938-02-01,14.1
1014,1938-01-01,14.2
1015,1937-12-01,14.4
1016,1937-11-01,14.5
1017,1937-10-01,14.6
1018,1937-09-01,14.6
1019,1937-08-01,14.5
1020,1937-07-01,14.5
1021,1937-06-01,14.4
1022,1937-05-01,14.4
1023,1937-04-01,14.3
1024,1937-03-01,14.2
1025,1937-02-01,14.1
1026,1937-01-01,14.1
1027,1936-12-01,14
1028,1936-11-01,14
1029,1936-10-01,14
1030,1936-09-01,14
1031,1936-08-01,14
1032,1936-07-01,13.9
1033,1936-06-01,13.8
1034,1936-05-01,13.7
1035,1936-04-01,13.7
1036,1936-03-01,13.7
1037,1936-02-01,13.8
1038,1936-01-01,13.8
1039,1935-12-01,13.8
1040,1935-11-01,13.8
1041,1935-10-01,13.7
1042,1935-09-01,13.7
1043,1935-08-01,13.7
1044,1935-07-01,13.7
1045,1935-06-01,13.7
1046,1935-05-01,13.8
1047,1935-04-01,13.8
1048,1935-03-01,13.7
1049,1935-02-01,13.7
1050,1935-01-01,13.6
1051,1934-12-01,13.4
1052,1934-11-01,13.5
1053,1934-10-01,13.5
1054,1934-09-01,13.6
1055,1934-08-01,13.4
1056,1934-07-01,13.4
1057,1934-06-01,13.4
1058,1934-05-01,13.3
1059,1934-04-01,13.3
1060,1934-03-01,13.3
1061,1934-02-01,13.3
1062,1934-01-01,13.2
1063,1933-12-01,13.2
1064,1933-11-01,13.2
1065,1933-10-01,13.2
1066,1933-09-01,13.2
1067,1933-08-01,13.2
1068,1933-07-01,13.1
1069,1933-06-01,12.7
1070,1933-05-01,12.6
1071,1933-04-01,12.6
1072,1933-03-01,12.6
1073,1933-02-01,12.7
1074,1933-01-01,12.9
1075,1932-12-01,13.1
1076,1932-11-01,13.2
1077,1932-10-01,13.3
1078,1932-09-01,13.4
1079,1932-08-01,13.5
1080,1932-07-01,13.6
1081,1932-06-01,13.6
1082,1932-05-01,13.7
1083,1932-04-01,13.9
1084,1932-03-01,14
1085,1932-02-01,14.1
1086,1932-01-01,14.3
1087,1931-12-01,14.6
1088,1931-11-01,14.7
1089,1931-10-01,14.9
1090,1931-09-01,15
1091,1931-08-01,15.1
1092,1931-07-01,15.1
1093,1931-06-01,15.1
1094,1931-05-01,15.3
1095,1931-04-01,15.5
1096,1931-03-01,15.6
1097,1931-02-01,15.7
1098,1931-01-01,15.9
1099,1930-12-01,16.1
1100,1930-11-01,16.4
1101,1930-10-01,16.5
1102,1930-09-01,16.6
1103,1930-08-01,16.5
1104,1930-07-01,16.6
1105,1930-06-01,16.8
1106,1930-05-01,16.9
1107,1930-04-01,17
1108,1930-03-01,16.9
1109,1930-02-01,17
1110,1930-01-01,17.1
1111,1929-12-01,17.2
1112,1929-11-01,17.3
1113,1929-10-01,17.3
1114,1929-09-01,17.3
1115,1929-08-01,17.3
1116,1929-07-01,17.3
1117,1929-06-01,17.1
1118,1929-05-01,17
1119,1929-04-01,16.9
1120,1929-03-01,17
1121,1929-02-01,17.1
1122,1929-01-01,17.1
1123,1928-12-01,17.1
1124,1928-11-01,17.2
1125,1928-10-01,17.2
1126,1928-09-01,17.3
1127,1928-08-01,17.1
1128,1928-07-01,17.1
1129,1928-06-01,17.1
1130,1928-05-01,17.2
1131,1928-04-01,17.1
1132,1928-03-01,17.1
1133,1928-02-01,17.1
1134,1928-01-01,17.3
1135,1927-12-01,17.3
1136,1927-11-01,17.3
1137,1927-10-01,17.4
1138,1927-09-01,17.3
1139,1927-08-01,17.2
1140,1927-07-01,17.3
1141,1927-06-01,17.6
1142,1927-05-01,17.4
1143,1927-04-01,17.3
1144,1927-03-01,17.3
1145,1927-02-01,17.4
1146,1927-01-01,17.5
1147,1926-12-01,17.7
1148,1926-11-01,17.7
1149,1926-10-01,17.6
1150,1926-09-01,17.5
1151,1926-08-01,17.4
1152,1926-07-01,17.5
1153,1926-06-01,17.7
1154,1926-05-01,17.8
1155,1926-04-01,17.9
1156,1926-03-01,17.8
1157,1926-02-01,17.9
1158,1926-01-01,17.9
1159,1925-12-01,17.9
1160,1925-11-01,18
1161,1925-10-01,17.7
1162,1925-09-01,17.7
1163,1925-08-01,17.7
1164,1925-07-01,17.7
1165,1925-06-01,17.5
1166,1925-05-01,17.3
1167,1925-04-01,17.2
1168,1925-03-01,17.3
1169,1925-02-01,17.2
1170,1925-01-01,17.3
1171,1924-12-01,17.3
1172,1924-11-01,17.2
1173,1924-10-01,17.2
1174,1924-09-01,17.1
1175,1924-08-01,17
1176,1924-07-01,17.1
1177,1924-06-01,17
1178,1924-05-01,17
1179,1924-04-01,17
1180,1924-03-01,17.1
1181,1924-02-01,17.2
1182,1924-01-01,17.3
1183,1923-12-01,17.3
1184,1923-11-01,17.3
1185,1923-10-01,17.3
1186,1923-09-01,17.2
1187,1923-08-01,17.1
1188,1923-07-01,17.2
1189,1923-06-01,17
1190,1923-05-01,16.9
1191,1923-04-01,16.9
1192,1923-03-01,16.8
1193,1923-02-01,16.8
1194,1923-01-01,16.8
1195,1922-12-01,16.9
1196,1922-11-01,16.8
1197,1922-10-01,16.7
1198,1922-09-01,16.6
1199,1922-08-01,16.6
1200,1922-07-01,16.8
1201,1922-06-01,16.7
1202,1922-05-01,16.7
1203,1922-04-01,16.7
1204,1922-03-01,16.7
1205,1922-02-01,16.9
1206,1922-01-01,16.9
1207,1921-12-01,17.3
1208,1921-11-01,17.4
1209,1921-10-01,17.5
1210,1921-09-01,17.5
1211,1921-08-01,17.7
1212,1921-07-01,17.7
1213,1921-06-01,17.6
1214,1921-05-01,17.7
1215,1921-04-01,18.1
1216,1921-03-01,18.3
1217,1921-02-01,18.4
1218,1921-01-01,19
1219,1920-12-01,19.400
1220,1920-11-01,19.800
1221,1920-10-01,19.900
1222,1920-09-01,20.000
1223,1920-08-01,20.300
1224,1920-07-01,20.800
1225,1920-06-01,20.900
1226,1920-05-01,20.600
1227,1920-04-01,20.300
1228,1920-03-01,19.700
1229,1920-02-01,19.500
1230,1920-01-01,19.300
1231,1919-12-01,18.900
1232,1919-11-01,18.500
1233,1919-10-01,18.100
1234,1919-09-01,17.800
1235,1919-08-01,17.700
1236,1919-07-01,17.400
1237,1919-06-01,16.900
1238,1919-05-01,16.900
1239,1919-04-01,16.700
1240,1919-03-01,16.400
1241,1919-02-01,16.200
1242,1919-01-01,16.500
1243,1918-12-01,16.500
1244,1918-11-01,16.300
1245,1918-10-01,16.000
1246,1918-09-01,15.700
1247,1918-08-01,15.400
1248,1918-07-01,15.100
1249,1918-06-01,14.700
1250,1918-05-01,14.500
1251,1918-04-01,14.200
1252,1918-03-01,14.000
1253,1918-02-01,14.100
1254,1918-01-01,14.000
1255,1917-12-01,13.700
1256,1917-11-01,13.500
1257,1917-10-01,13.500
1258,1917-09-01,13.300
1259,1917-08-01,13.000
1260,1917-07-01,12.800
1261,1917-06-01,13.000
1262,1917-05-01,12.800
1263,1917-04-01,12.600
1264,1917-03-01,12.000
1265,1917-02-01,12.000
1266,1917-01-01,11.700
1267,1916-12-01,11.600
1268,1916-11-01,11.500
1269,1916-10-01,11.300
1270,1916-09-01,11.100
1271,1916-08-01,10.900
1272,1916-07-01,10.800
1273,1916-06-01,10.800
1274,1916-05-01,10.700
1275,1916-04-01,10.600
1276,1916-03-01,10.500
1277,1916-02-01,10.400
1278,1916-01-01,10.400
1279,1915-12-01,10.300
1280,1915-11-01,10.300
1281,1915-10-01,10.200
1282,1915-09-01,10.100
1283,1915-08-01,10.100
1284,1915-07-01,10.100
1285,1915-06-01,10.100
1286,1915-05-01,10.100
1287,1915-04-01,10.000
1288,1915-03-01,9.900
1289,1915-02-01,10.000
1290,1915-01-01,10.100
1291,1914-12-01,10.100
1292,1914-11-01,10.200
1293,1914-10-01,10.100
1294,1914-09-01,10.200
1295,1914-08-01,10.200
1296,1914-07-01,10.000
1297,1914-06-01,9.900
1298,1914-05-01,9.900
1299,1914-04-01,9.800
1300,1914-03-01,9.900
1301,1914-02-01,9.900
1302,1914-01-01,10.000
1303,1913-12-01,10.000
1304,1913-11-01,10.100
1305,1913-10-01,10.000
1306,1913-09-01,10.000
1307,1913-08-01,9.900
1308,1913-07-01,9.900
1309,1913-06-01,9.800
1310,1913-05-01,9.700
1311,1913-04-01,9.800
1312,1913-03-01,9.800
1313,1913-02-01,9.800
1314,1913-01-01,9.800
